{
    "model_name": "transfer_resnet18_pytorch",
    "image_size": 224,
    "batch_size": 64,
    "epochs_requested": 45,
    "epochs_completed": 27,
    "learning_rate": 0.0001,
    "weight_decay": 0.0001,
    "num_classes": 50,
    "best_val_accuracy": 0.9913266945069065,
    "best_val_loss": 0.7333248069038967,
    "test_loss": 0.7285681651553692,
    "test_accuracy": 0.9943838254172015,
    "freeze_backbone": false,
    "device": "cuda"
}