{
    "model_name": "transfer_resnet18_pytorch_v2",
    "image_size": 224,
    "batch_size": 64,
    "stage1_epochs": 3,
    "stage2_epochs": 35,
    "epochs_completed": 38,
    "stage1_lr": 0.0005,
    "stage2_lr": 3e-05,
    "weight_decay": 0.0005,
    "num_classes": 50,
    "best_val_accuracy": 0.9907581453634086,
    "best_val_loss": 0.7514676433756835,
    "internal_test_loss": 0.748890285773516,
    "internal_test_accuracy": 0.9919768934531451,
    "external_test_loss": 6.273947142452174,
    "external_test_accuracy": 0.953757225433526,
    "device": "cuda"
}